{
  "requestId": "04b1373f-7838-4535-b65a-88c088830879",
  "instances": {
    "structure": "<data structure>",
    "relationName": "Glass",
    "numInstances": 214,
    "numAttributes": 10,
    "numClasses": 6,
    "className": "Type"
  },
  "classifierReport": {
    "classifierName": "ExtraTreesClassifier",
    "classifierDescription": null,
    "options": "{\"type\":\"extra_trees\",\"numIterations\":20,\"numThreads\":6,\"seed\":1,\"numRandomAttr\":5,\"minObj\":2,\"maxDepth\":0,\"decisionTreeType\":\"ID3\",\"numRandomSplits\":6,\"useBootstrapSamples\":false}"
  },
  "evaluationMethodReport": {
    "evaluationMethod": "CROSS_VALIDATION",
    "numFolds": 10,
    "numTests": 1,
    "seed": 1
  },
  "statistics": {
    "numTestInstances": 214,
    "numCorrect": 172,
    "numIncorrect": 42,
    "pctCorrect": 80.37383177570094,
    "pctIncorrect": 19.626168224299064,
    "meanAbsoluteError": 0.11885129227585131,
    "rootMeanSquaredError": 0.231476151125149,
    "maxAucValue": 0.9983739837398374,
    "varianceError": 0.00436052266530287,
    "confidenceIntervalLowerBound": 0.14902362368597982,
    "confidenceIntervalUpperBound": 0.24349974080000147
  },
  "classificationCosts": [
    {
      "classValue": "build wind float",
      "truePositiveRate": 0.9142857142857143,
      "falsePositiveRate": 0.125,
      "trueNegativeRate": 0.875,
      "falseNegativeRate": 0.08571428571428572,
      "rocCurve": {
        "aucValue": 0.9313988095238095,
        "specificity": 0.8611111111111112,
        "sensitivity": 0.9428571428571428,
        "thresholdValue": 0.4138291855203621
      }
    },
    {
      "classValue": "vehic wind float",
      "truePositiveRate": 0.23529411764705882,
      "falsePositiveRate": 0.01015228426395939,
      "trueNegativeRate": 0.9898477157360406,
      "falseNegativeRate": 0.7647058823529411,
      "rocCurve": {
        "aucValue": 0.9252015527022992,
        "specificity": 0.751269035532995,
        "sensitivity": 1,
        "thresholdValue": 0.08396763793615986
      }
    },
    {
      "classValue": "tableware",
      "truePositiveRate": 0.7777777777777778,
      "falsePositiveRate": 0.004878048780487805,
      "trueNegativeRate": 0.9951219512195122,
      "falseNegativeRate": 0.2222222222222222,
      "rocCurve": {
        "aucValue": 0.9983739837398374,
        "specificity": 0.9951219512195122,
        "sensitivity": 1,
        "thresholdValue": 0.33422619047619045
      }
    },
    {
      "classValue": "build wind non-float",
      "truePositiveRate": 0.8289473684210527,
      "falsePositiveRate": 0.10869565217391304,
      "trueNegativeRate": 0.8913043478260869,
      "falseNegativeRate": 0.17105263157894737,
      "rocCurve": {
        "aucValue": 0.9111365369946606,
        "specificity": 0.9492753623188406,
        "sensitivity": 0.75,
        "thresholdValue": 0.49067460317460315
      }
    },
    {
      "classValue": "headlamps",
      "truePositiveRate": 0.8275862068965517,
      "falsePositiveRate": 0.016216216216216217,
      "trueNegativeRate": 0.9837837837837838,
      "falseNegativeRate": 0.1724137931034483,
      "rocCurve": {
        "aucValue": 0.9606710158434296,
        "specificity": 0.9459459459459459,
        "sensitivity": 0.9655172413793104,
        "thresholdValue": 0.1461273690078038
      }
    },
    {
      "classValue": "containers",
      "truePositiveRate": 0.7692307692307693,
      "falsePositiveRate": 0.014925373134328358,
      "trueNegativeRate": 0.9850746268656716,
      "falseNegativeRate": 0.23076923076923078,
      "rocCurve": {
        "aucValue": 0.9862227324913893,
        "specificity": 0.9701492537313433,
        "sensitivity": 0.9230769230769231,
        "thresholdValue": 0.2746176338281601
      }
    }
  ],
  "confusionMatrix": [
    {
      "actualClass": "build wind float",
      "predictedClass": "build wind float",
      "numInstances": 64
    },
    {
      "actualClass": "build wind float",
      "predictedClass": "vehic wind float",
      "numInstances": 1
    },
    {
      "actualClass": "build wind float",
      "predictedClass": "tableware",
      "numInstances": 0
    },
    {
      "actualClass": "build wind float",
      "predictedClass": "build wind non-float",
      "numInstances": 5
    },
    {
      "actualClass": "build wind float",
      "predictedClass": "headlamps",
      "numInstances": 0
    },
    {
      "actualClass": "build wind float",
      "predictedClass": "containers",
      "numInstances": 0
    },
    {
      "actualClass": "vehic wind float",
      "predictedClass": "build wind float",
      "numInstances": 9
    },
    {
      "actualClass": "vehic wind float",
      "predictedClass": "vehic wind float",
      "numInstances": 4
    },
    {
      "actualClass": "vehic wind float",
      "predictedClass": "tableware",
      "numInstances": 0
    },
    {
      "actualClass": "vehic wind float",
      "predictedClass": "build wind non-float",
      "numInstances": 4
    },
    {
      "actualClass": "vehic wind float",
      "predictedClass": "headlamps",
      "numInstances": 0
    },
    {
      "actualClass": "vehic wind float",
      "predictedClass": "containers",
      "numInstances": 0
    },
    {
      "actualClass": "tableware",
      "predictedClass": "build wind float",
      "numInstances": 0
    },
    {
      "actualClass": "tableware",
      "predictedClass": "vehic wind float",
      "numInstances": 0
    },
    {
      "actualClass": "tableware",
      "predictedClass": "tableware",
      "numInstances": 7
    },
    {
      "actualClass": "tableware",
      "predictedClass": "build wind non-float",
      "numInstances": 1
    },
    {
      "actualClass": "tableware",
      "predictedClass": "headlamps",
      "numInstances": 1
    },
    {
      "actualClass": "tableware",
      "predictedClass": "containers",
      "numInstances": 0
    },
    {
      "actualClass": "build wind non-float",
      "predictedClass": "build wind float",
      "numInstances": 8
    },
    {
      "actualClass": "build wind non-float",
      "predictedClass": "vehic wind float",
      "numInstances": 1
    },
    {
      "actualClass": "build wind non-float",
      "predictedClass": "tableware",
      "numInstances": 1
    },
    {
      "actualClass": "build wind non-float",
      "predictedClass": "build wind non-float",
      "numInstances": 63
    },
    {
      "actualClass": "build wind non-float",
      "predictedClass": "headlamps",
      "numInstances": 1
    },
    {
      "actualClass": "build wind non-float",
      "predictedClass": "containers",
      "numInstances": 2
    },
    {
      "actualClass": "headlamps",
      "predictedClass": "build wind float",
      "numInstances": 1
    },
    {
      "actualClass": "headlamps",
      "predictedClass": "vehic wind float",
      "numInstances": 0
    },
    {
      "actualClass": "headlamps",
      "predictedClass": "tableware",
      "numInstances": 0
    },
    {
      "actualClass": "headlamps",
      "predictedClass": "build wind non-float",
      "numInstances": 3
    },
    {
      "actualClass": "headlamps",
      "predictedClass": "headlamps",
      "numInstances": 24
    },
    {
      "actualClass": "headlamps",
      "predictedClass": "containers",
      "numInstances": 1
    },
    {
      "actualClass": "containers",
      "predictedClass": "build wind float",
      "numInstances": 0
    },
    {
      "actualClass": "containers",
      "predictedClass": "vehic wind float",
      "numInstances": 0
    },
    {
      "actualClass": "containers",
      "predictedClass": "tableware",
      "numInstances": 0
    },
    {
      "actualClass": "containers",
      "predictedClass": "build wind non-float",
      "numInstances": 2
    },
    {
      "actualClass": "containers",
      "predictedClass": "headlamps",
      "numInstances": 1
    },
    {
      "actualClass": "containers",
      "predictedClass": "containers",
      "numInstances": 10
    }
  ]
}
